{
  "lang":"en",
  "name":"pipeline",
  "version":"0.0.0",
  "spacy_version":">=3.7.2,<3.8.0",
  "description":"",
  "author":"",
  "email":"",
  "url":"",
  "license":"",
  "spacy_git_version":"a89eae928",
  "vectors":{
    "width":0,
    "vectors":0,
    "keys":0,
    "name":null,
    "mode":"default"
  },
  "labels":{
    "tok2vec":[

    ],
    "ner":[
      "ACTOR",
      "DOMAIN_NAME",
      "EMAIL_ADDRESSES",
      "FILE_PATH",
      "GEO_LOCATION",
      "HASH_VAL",
      "IP",
      "MALWARE_NAME",
      "REG_KEY",
      "URL"
    ]
  },
  "pipeline":[
    "tok2vec",
    "ner"
  ],
  "components":[
    "tok2vec",
    "ner"
  ],
  "disabled":[

  ],
  "performance":{
    "ents_f":0.9721115538,
    "ents_p":0.9682539683,
    "ents_r":0.976,
    "ents_per_type":{
      "DOMAIN_NAME":{
        "p":0.8965517241,
        "r":0.962962963,
        "f":0.9285714286
      },
      "GEO_LOCATION":{
        "p":1.0,
        "r":1.0,
        "f":1.0
      },
      "URL":{
        "p":1.0,
        "r":0.9,
        "f":0.9473684211
      },
      "MALWARE_NAME":{
        "p":1.0,
        "r":0.9583333333,
        "f":0.9787234043
      },
      "HASH_VAL":{
        "p":1.0,
        "r":1.0,
        "f":1.0
      },
      "ACTOR":{
        "p":0.9615384615,
        "r":1.0,
        "f":0.9803921569
      },
      "FILE_PATH":{
        "p":1.0,
        "r":1.0,
        "f":1.0
      },
      "IP":{
        "p":1.0,
        "r":1.0,
        "f":1.0
      },
      "REG_KEY":{
        "p":1.0,
        "r":1.0,
        "f":1.0
      },
      "EMAIL_ADDRESSES":{
        "p":1.0,
        "r":1.0,
        "f":1.0
      }
    },
    "tok2vec_loss":78.8254737268,
    "ner_loss":327.4867844912
  }
}